{
    "$schema": "https://schema.management.azure.com/schemas/2015-01-01/deploymentParameters.json#",
    "contentVersion": "1.0.0.0",
    "parameters": {
        "virtualMachines_mmaiacausapolis_adminPassword": {
            "value": null
        },
        "virtualMachines_mmaiacausapolis_name": {
            "value": null
        },
        "alertrules_teste101_bossanova_87eefcd8_38fc_4126_a6f7_162dd01e681d_name": {
            "value": null
        },
        "autoscalesettings_ServicePlan4777fcc7_91a5_digdin_name": {
            "value": null
        },
        "components_bossanova_name": {
            "value": null
        },
        "components_digdin_name": {
            "value": null
        },
        "webtests_teste101_bossanova_name": {
            "value": null
        },
        "networkInterfaces_mmaiacausapolis385_name": {
            "value": null
        },
        "networkSecurityGroups_mmaiacausapolis_name": {
            "value": null
        },
        "publicIPAddresses_mmaiacausapolis_name": {
            "value": null
        },
        "virtualNetworks_digdin_name": {
            "value": null
        },
        "storageAccounts_digdin2907_name": {
            "value": null
        },
        "serverfarms_causapolis_name": {
            "value": null
        },
        "serverfarms_ServicePlan4777fcc7_91a5_name": {
            "value": null
        },
        "sites_bossanova_name": {
            "value": null
        },
        "sites_digdin_name": {
            "value": null
        }
    }
}