{
    "$schema": "https://schema.management.azure.com/schemas/2015-01-01/deploymentTemplate.json#",
    "contentVersion": "1.0.0.0",
    "parameters": {
        "virtualMachines_mmaiacausapolis_adminPassword": {
            "defaultValue": null,
            "type": "SecureString"
        },
        "virtualMachines_mmaiacausapolis_name": {
            "defaultValue": "mmaiacausapolis",
            "type": "String"
        },
        "alertrules_teste101_bossanova_87eefcd8_38fc_4126_a6f7_162dd01e681d_name": {
            "defaultValue": "teste101-bossanova-87eefcd8-38fc-4126-a6f7-162dd01e681d",
            "type": "String"
        },
        "autoscalesettings_ServicePlan4777fcc7_91a5_digdin_name": {
            "defaultValue": "ServicePlan4777fcc7-91a5-digdin",
            "type": "String"
        },
        "components_bossanova_name": {
            "defaultValue": "bossanova",
            "type": "String"
        },
        "components_digdin_name": {
            "defaultValue": "digdin",
            "type": "String"
        },
        "webtests_teste101_bossanova_name": {
            "defaultValue": "teste101-bossanova",
            "type": "String"
        },
        "networkInterfaces_mmaiacausapolis385_name": {
            "defaultValue": "mmaiacausapolis385",
            "type": "String"
        },
        "networkSecurityGroups_mmaiacausapolis_name": {
            "defaultValue": "mmaiacausapolis",
            "type": "String"
        },
        "publicIPAddresses_mmaiacausapolis_name": {
            "defaultValue": "mmaiacausapolis",
            "type": "String"
        },
        "virtualNetworks_digdin_name": {
            "defaultValue": "digdin",
            "type": "String"
        },
        "storageAccounts_digdin2907_name": {
            "defaultValue": "digdin2907",
            "type": "String"
        },
        "serverfarms_causapolis_name": {
            "defaultValue": "causapolis",
            "type": "String"
        },
        "serverfarms_ServicePlan4777fcc7_91a5_name": {
            "defaultValue": "ServicePlan4777fcc7-91a5",
            "type": "String"
        },
        "sites_bossanova_name": {
            "defaultValue": "bossanova",
            "type": "String"
        },
        "sites_digdin_name": {
            "defaultValue": "digdin",
            "type": "String"
        }
    },
    "variables": {},
    "resources": [
        {
            "comments": "Generalizado a partir do recurso: '/subscriptions/4d218066-1831-41c7-94b9-dfe4d2f0c96a/resourceGroups/digdin/providers/Microsoft.Compute/virtualMachines/mmaiacausapolis'.",
            "type": "Microsoft.Compute/virtualMachines",
            "name": "[parameters('virtualMachines_mmaiacausapolis_name')]",
            "apiVersion": "2015-06-15",
            "location": "westus",
            "properties": {
                "hardwareProfile": {
                    "vmSize": "Standard_DS1_v2"
                },
                "storageProfile": {
                    "imageReference": {
                        "publisher": "MicrosoftSQLServer",
                        "offer": "SQL2016-WS2012R2",
                        "sku": "Enterprise",
                        "version": "latest"
                    },
                    "osDisk": {
                        "name": "[parameters('virtualMachines_mmaiacausapolis_name')]",
                        "createOption": "FromImage",
                        "vhd": {
                            "uri": "[concat('https', '://', parameters('storageAccounts_digdin2907_name'), '.blob.core.windows.net', concat('/vhds/', parameters('virtualMachines_mmaiacausapolis_name'),'20166773317.vhd'))]"
                        },
                        "caching": "ReadWrite"
                    },
                    "dataDisks": [
                        {
                            "lun": 0,
                            "name": "[concat(parameters('virtualMachines_mmaiacausapolis_name'),'-disk-1')]",
                            "createOption": "Empty",
                            "vhd": {
                                "uri": "[concat('https', '://', parameters('storageAccounts_digdin2907_name'), '.blob.core.windows.net', concat('/vhds/', parameters('virtualMachines_mmaiacausapolis_name'),'-disk-1-20166773317.vhd'))]"
                            },
                            "caching": "ReadOnly",
                            "diskSizeGB": 1023
                        }
                    ]
                },
                "osProfile": {
                    "computerName": "[parameters('virtualMachines_mmaiacausapolis_name')]",
                    "adminUsername": "mmaia",
                    "windowsConfiguration": {
                        "provisionVMAgent": true,
                        "enableAutomaticUpdates": true
                    },
                    "secrets": [],
                    "adminPassword": "[parameters('virtualMachines_mmaiacausapolis_adminPassword')]"
                },
                "networkProfile": {
                    "networkInterfaces": [
                        {
                            "id": "[resourceId('Microsoft.Network/networkInterfaces', parameters('networkInterfaces_mmaiacausapolis385_name'))]"
                        }
                    ]
                }
            },
            "resources": [],
            "dependsOn": [
                "[resourceId('Microsoft.Storage/storageAccounts', parameters('storageAccounts_digdin2907_name'))]",
                "[resourceId('Microsoft.Network/networkInterfaces', parameters('networkInterfaces_mmaiacausapolis385_name'))]"
            ]
        },
        {
            "comments": "Generalizado a partir do recurso: '/subscriptions/4d218066-1831-41c7-94b9-dfe4d2f0c96a/resourceGroups/digdin/providers/microsoft.insights/alertrules/teste101-bossanova-87eefcd8-38fc-4126-a6f7-162dd01e681d'.",
            "type": "microsoft.insights/alertrules",
            "name": "[parameters('alertrules_teste101_bossanova_87eefcd8_38fc_4126_a6f7_162dd01e681d_name')]",
            "apiVersion": "2014-04-01",
            "location": "East US",
            "tags": {
                "hidden-link:/subscriptions/4d218066-1831-41c7-94b9-dfe4d2f0c96a/resourcegroups/digdin/providers/microsoft.insights/components/bossanova": "Resource",
                "hidden-link:/subscriptions/4d218066-1831-41c7-94b9-dfe4d2f0c96a/resourcegroups/digdin/providers/microsoft.insights/webtests/teste101-bossanova": "Resource"
            },
            "properties": {
                "name": "[parameters('alertrules_teste101_bossanova_87eefcd8_38fc_4126_a6f7_162dd01e681d_name')]",
                "description": "",
                "isEnabled": true,
                "condition": {
                    "odata.type": "Microsoft.Azure.Management.Insights.Models.LocationThresholdRuleCondition",
                    "dataSource": {
                        "odata.type": "Microsoft.Azure.Management.Insights.Models.RuleMetricDataSource",
                        "resourceUri": "[resourceId('microsoft.insights/webtests', parameters('webtests_teste101_bossanova_name'))]",
                        "metricName": "GSMT_AvRaW"
                    },
                    "windowSize": "PT5M",
                    "failedLocationCount": 3
                },
                "action": {
                    "odata.type": "Microsoft.Azure.Management.Insights.Models.RuleEmailAction",
                    "sendToServiceOwners": true,
                    "customEmails": [
                        "causapolis@outlook.com.br"
                    ]
                }
            },
            "resources": [],
            "dependsOn": [
                "[resourceId('microsoft.insights/webtests', parameters('webtests_teste101_bossanova_name'))]"
            ]
        },
        {
            "comments": "Generalizado a partir do recurso: '/subscriptions/4d218066-1831-41c7-94b9-dfe4d2f0c96a/resourceGroups/digdin/providers/microsoft.insights/autoscalesettings/ServicePlan4777fcc7-91a5-digdin'.",
            "type": "microsoft.insights/autoscalesettings",
            "name": "[parameters('autoscalesettings_ServicePlan4777fcc7_91a5_digdin_name')]",
            "apiVersion": "2014-04-01",
            "location": "southcentralus",
            "tags": {
                "hidden-link:/subscriptions/4d218066-1831-41c7-94b9-dfe4d2f0c96a/resourceGroups/digdin/providers/Microsoft.Web/serverfarms/ServicePlan4777fcc7-91a5": "Resource"
            },
            "properties": {
                "profiles": [
                    {
                        "name": "Default",
                        "capacity": {
                            "minimum": "1",
                            "maximum": "10",
                            "default": "1"
                        },
                        "rules": [
                            {
                                "metricTrigger": {
                                    "metricName": "CpuPercentage",
                                    "metricNamespace": "",
                                    "metricResourceUri": "[resourceId('Microsoft.Web/serverfarms', parameters('serverfarms_ServicePlan4777fcc7_91a5_name'))]",
                                    "timeGrain": "PT1M",
                                    "statistic": "Average",
                                    "timeWindow": "PT10M",
                                    "timeAggregation": "Average",
                                    "operator": "GreaterThan",
                                    "threshold": 100
                                },
                                "scaleAction": {
                                    "direction": "Increase",
                                    "type": "ChangeCount",
                                    "value": "1",
                                    "cooldown": "PT5M"
                                }
                            },
                            {
                                "metricTrigger": {
                                    "metricName": "CpuPercentage",
                                    "metricNamespace": "",
                                    "metricResourceUri": "[resourceId('Microsoft.Web/serverfarms', parameters('serverfarms_ServicePlan4777fcc7_91a5_name'))]",
                                    "timeGrain": "PT1M",
                                    "statistic": "Average",
                                    "timeWindow": "PT10M",
                                    "timeAggregation": "Average",
                                    "operator": "LessThan",
                                    "threshold": 1
                                },
                                "scaleAction": {
                                    "direction": "Decrease",
                                    "type": "ChangeCount",
                                    "value": "1",
                                    "cooldown": "PT5M"
                                }
                            }
                        ]
                    }
                ],
                "enabled": true,
                "name": "[parameters('autoscalesettings_ServicePlan4777fcc7_91a5_digdin_name')]",
                "targetResourceUri": "[resourceId('Microsoft.Web/serverfarms', parameters('serverfarms_ServicePlan4777fcc7_91a5_name'))]"
            },
            "resources": [],
            "dependsOn": [
                "[resourceId('Microsoft.Web/serverfarms', parameters('serverfarms_ServicePlan4777fcc7_91a5_name'))]"
            ]
        },
        {
            "comments": "Generalizado a partir do recurso: '/subscriptions/4d218066-1831-41c7-94b9-dfe4d2f0c96a/resourceGroups/digdin/providers/microsoft.insights/components/bossanova'.",
            "type": "microsoft.insights/components",
            "kind": "web",
            "name": "[parameters('components_bossanova_name')]",
            "apiVersion": "2014-04-01",
            "location": "Central US",
            "tags": {
                "hidden-link:/subscriptions/4d218066-1831-41c7-94b9-dfe4d2f0c96a/resourceGroups/digdin/providers/Microsoft.Web/sites/bossanova": "Resource"
            },
            "properties": {
                "ApplicationId": "[parameters('components_bossanova_name')]"
            },
            "resources": [],
            "dependsOn": []
        },
        {
            "comments": "Generalizado a partir do recurso: '/subscriptions/4d218066-1831-41c7-94b9-dfe4d2f0c96a/resourceGroups/digdin/providers/microsoft.insights/components/digdin'.",
            "type": "microsoft.insights/components",
            "kind": "web",
            "name": "[parameters('components_digdin_name')]",
            "apiVersion": "2014-04-01",
            "location": "Central US",
            "tags": {
                "hidden-link:/subscriptions/4d218066-1831-41c7-94b9-dfe4d2f0c96a/resourceGroups/digdin/providers/Microsoft.Web/sites/digdin": "Resource"
            },
            "properties": {
                "ApplicationId": "[parameters('components_digdin_name')]"
            },
            "resources": [],
            "dependsOn": []
        },
        {
            "comments": "Generalizado a partir do recurso: '/subscriptions/4d218066-1831-41c7-94b9-dfe4d2f0c96a/resourceGroups/digdin/providers/microsoft.insights/webtests/teste101-bossanova'.",
            "type": "microsoft.insights/webtests",
            "name": "[parameters('webtests_teste101_bossanova_name')]",
            "apiVersion": "2014-04-01",
            "location": "Central US",
            "tags": {
                "hidden-link:/subscriptions/4d218066-1831-41c7-94b9-dfe4d2f0c96a/resourceGroups/digdin/providers/microsoft.insights/components/bossanova": "Resource",
                "hidden-link:/subscriptions/4d218066-1831-41c7-94b9-dfe4d2f0c96a/resourceGroups/digdin/providers/Microsoft.Web/sites/bossanova": "Resource"
            },
            "properties": {
                "provisioningState": "Succeeded",
                "Name": "TESTE101",
                "Description": "",
                "Enabled": true,
                "Frequency": 300,
                "Timeout": 60,
                "Locations": [
                    {
                        "Id": "us-il-ch1-azr"
                    },
                    {
                        "Id": "us-ca-sjc-azr"
                    },
                    {
                        "Id": "us-tx-sn1-azr"
                    },
                    {
                        "Id": "us-va-ash-azr"
                    },
                    {
                        "Id": "us-fl-mia-edge"
                    },
                    {
                        "Id": "apac-sg-sin-azr"
                    },
                    {
                        "Id": "emea-se-sto-edge"
                    }
                ],
                "Configuration": {
                    "WebTest": "        <WebTest         Name=\"TESTE101\"         Id=\"41155ee2-f2b6-4260-9d7b-f002fd1c8415\"         Enabled=\"True\"         CssProjectStructure=\"\"         CssIteration=\"\"         Timeout=\"60\"         WorkItemIds=\"\"         xmlns=\"http://microsoft.com/schemas/VisualStudio/TeamTest/2010\"         Description=\"\"         CredentialUserName=\"\"         CredentialPassword=\"\"         PreAuthenticate=\"True\"         Proxy=\"default\"         StopOnError=\"False\"         RecordedResultFile=\"\"         ResultsLocale=\"\">        <Items>        <Request         Method=\"GET\"         Guid=\"ac3dc688-e385-3198-e439-03eca451eaad\"         Version=\"1.1\"         Url=\"http://digdin.azurewebsites.net\"         ThinkTime=\"0\"         Timeout=\"60\"         ParseDependentRequests=\"True\"         FollowRedirects=\"True\"         RecordResult=\"True\"         Cache=\"False\"         ResponseTimeGoal=\"0\"         Encoding=\"utf-8\"         ExpectedHttpStatusCode=\"200\"         ExpectedResponseUrl=\"\"         ReportingName=\"\"         IgnoreHttpStatusCode=\"False\" />        </Items>        <ValidationRules>        <ValidationRule         Classname=\"Microsoft.VisualStudio.TestTools.WebTesting.Rules.ValidationRuleFindText, Microsoft.VisualStudio.QualityTools.WebTestFramework, Version=10.0.0.0, Culture=neutral, PublicKeyToken=b03f5f7f11d50a3a\"         DisplayName=\"Find Text\"         Description=\"Verifies the existence of the specified text in the response.\"         Level=\"High\"         ExectuionOrder=\"BeforeDependents\">        <RuleParameters>        <RuleParameter Name=\"FindText\" Value=\"\" />        <RuleParameter Name=\"IgnoreCase\" Value=\"False\" />        <RuleParameter Name=\"UseRegularExpression\" Value=\"False\" />        <RuleParameter Name=\"PassIfTextFound\" Value=\"True\" />        </RuleParameters>        </ValidationRule>        </ValidationRules>        </WebTest>"
                },
                "SyntheticMonitorId": "[parameters('webtests_teste101_bossanova_name')]"
            },
            "resources": [],
            "dependsOn": []
        },
        {
            "comments": "Generalizado a partir do recurso: '/subscriptions/4d218066-1831-41c7-94b9-dfe4d2f0c96a/resourceGroups/digdin/providers/Microsoft.Network/networkInterfaces/mmaiacausapolis385'.",
            "type": "Microsoft.Network/networkInterfaces",
            "name": "[parameters('networkInterfaces_mmaiacausapolis385_name')]",
            "apiVersion": "2016-03-30",
            "location": "westus",
            "properties": {
                "ipConfigurations": [
                    {
                        "name": "ipconfig1",
                        "properties": {
                            "privateIPAddress": "10.0.0.4",
                            "privateIPAllocationMethod": "Dynamic",
                            "publicIPAddress": {
                                "id": "[resourceId('Microsoft.Network/publicIPAddresses', parameters('publicIPAddresses_mmaiacausapolis_name'))]"
                            },
                            "subnet": {
                                "id": "[concat(resourceId('Microsoft.Network/virtualNetworks', parameters('virtualNetworks_digdin_name')), '/subnets/default')]"
                            }
                        }
                    }
                ],
                "dnsSettings": {
                    "dnsServers": []
                },
                "enableIPForwarding": false,
                "networkSecurityGroup": {
                    "id": "[resourceId('Microsoft.Network/networkSecurityGroups', parameters('networkSecurityGroups_mmaiacausapolis_name'))]"
                }
            },
            "resources": [],
            "dependsOn": [
                "[resourceId('Microsoft.Network/publicIPAddresses', parameters('publicIPAddresses_mmaiacausapolis_name'))]",
                "[resourceId('Microsoft.Network/virtualNetworks', parameters('virtualNetworks_digdin_name'))]",
                "[resourceId('Microsoft.Network/networkSecurityGroups', parameters('networkSecurityGroups_mmaiacausapolis_name'))]"
            ]
        },
        {
            "comments": "Generalizado a partir do recurso: '/subscriptions/4d218066-1831-41c7-94b9-dfe4d2f0c96a/resourceGroups/digdin/providers/Microsoft.Network/networkSecurityGroups/mmaiacausapolis'.",
            "type": "Microsoft.Network/networkSecurityGroups",
            "name": "[parameters('networkSecurityGroups_mmaiacausapolis_name')]",
            "apiVersion": "2016-03-30",
            "location": "westus",
            "properties": {
                "securityRules": [
                    {
                        "name": "default-allow-rdp",
                        "properties": {
                            "protocol": "Udp",
                            "sourcePortRange": "10",
                            "destinationPortRange": "3389",
                            "sourceAddressPrefix": "*",
                            "destinationAddressPrefix": "*",
                            "access": "Allow",
                            "priority": 1000,
                            "direction": "Inbound"
                        }
                    }
                ]
            },
            "resources": [],
            "dependsOn": []
        },
        {
            "comments": "Generalizado a partir do recurso: '/subscriptions/4d218066-1831-41c7-94b9-dfe4d2f0c96a/resourceGroups/digdin/providers/Microsoft.Network/publicIPAddresses/mmaiacausapolis'.",
            "type": "Microsoft.Network/publicIPAddresses",
            "name": "[parameters('publicIPAddresses_mmaiacausapolis_name')]",
            "apiVersion": "2016-03-30",
            "location": "westus",
            "properties": {
                "publicIPAllocationMethod": "Static",
                "idleTimeoutInMinutes": 7,
                "dnsSettings": {
                    "domainNameLabel": "digdin"
                }
            },
            "resources": [],
            "dependsOn": []
        },
        {
            "comments": "Generalizado a partir do recurso: '/subscriptions/4d218066-1831-41c7-94b9-dfe4d2f0c96a/resourceGroups/digdin/providers/Microsoft.Network/virtualNetworks/digdin'.",
            "type": "Microsoft.Network/virtualNetworks",
            "name": "[parameters('virtualNetworks_digdin_name')]",
            "apiVersion": "2016-03-30",
            "location": "westus",
            "properties": {
                "addressSpace": {
                    "addressPrefixes": [
                        "10.0.0.0/16"
                    ]
                },
                "subnets": [
                    {
                        "name": "default",
                        "properties": {
                            "addressPrefix": "10.0.0.0/24"
                        }
                    }
                ]
            },
            "resources": [],
            "dependsOn": []
        },
        {
            "comments": "Generalizado a partir do recurso: '/subscriptions/4d218066-1831-41c7-94b9-dfe4d2f0c96a/resourceGroups/digdin/providers/Microsoft.Storage/storageAccounts/digdin2907'.",
            "type": "Microsoft.Storage/storageAccounts",
            "sku": {
                "name": "Standard_LRS",
                "tier": "Standard"
            },
            "kind": "Storage",
            "name": "[parameters('storageAccounts_digdin2907_name')]",
            "apiVersion": "2016-01-01",
            "location": "westus",
            "tags": {},
            "properties": {},
            "resources": [],
            "dependsOn": []
        },
        {
            "comments": "Generalizado a partir do recurso: '/subscriptions/4d218066-1831-41c7-94b9-dfe4d2f0c96a/resourceGroups/digdin/providers/Microsoft.Web/serverfarms/causapolis'.",
            "type": "Microsoft.Web/serverfarms",
            "sku": {
                "name": "S1",
                "tier": "Standard",
                "size": "S1",
                "family": "S",
                "capacity": 1
            },
            "kind": "",
            "name": "[parameters('serverfarms_causapolis_name')]",
            "apiVersion": "2015-08-01",
            "location": "South Central US",
            "properties": {
                "name": "[parameters('serverfarms_causapolis_name')]",
                "numberOfWorkers": 1
            },
            "resources": [],
            "dependsOn": []
        },
        {
            "comments": "Generalizado a partir do recurso: '/subscriptions/4d218066-1831-41c7-94b9-dfe4d2f0c96a/resourceGroups/digdin/providers/Microsoft.Web/serverfarms/ServicePlan4777fcc7-91a5'.",
            "type": "Microsoft.Web/serverfarms",
            "sku": {
                "name": "S1",
                "tier": "Standard",
                "size": "S1",
                "family": "S",
                "capacity": 1
            },
            "name": "[parameters('serverfarms_ServicePlan4777fcc7_91a5_name')]",
            "apiVersion": "2015-08-01",
            "location": "South Central US",
            "properties": {
                "name": "[parameters('serverfarms_ServicePlan4777fcc7_91a5_name')]",
                "numberOfWorkers": 1
            },
            "resources": [],
            "dependsOn": []
        },
        {
            "comments": "Generalizado a partir do recurso: '/subscriptions/4d218066-1831-41c7-94b9-dfe4d2f0c96a/resourceGroups/digdin/providers/Microsoft.Web/sites/bossanova'.",
            "type": "Microsoft.Web/sites",
            "kind": "api",
            "name": "[parameters('sites_bossanova_name')]",
            "apiVersion": "2015-08-01",
            "location": "South Central US",
            "properties": {
                "name": "[parameters('sites_bossanova_name')]",
                "hostNames": [
                    "bossanova.azurewebsites.net"
                ],
                "enabledHostNames": [
                    "bossanova.azurewebsites.net",
                    "bossanova.scm.azurewebsites.net"
                ],
                "hostNameSslStates": [
                    {
                        "name": "[concat(parameters('sites_bossanova_name'),'.azurewebsites.net')]",
                        "sslState": 0,
                        "thumbprint": null,
                        "ipBasedSslState": 0
                    },
                    {
                        "name": "[concat(parameters('sites_bossanova_name'),'.scm.azurewebsites.net')]",
                        "sslState": 0,
                        "thumbprint": null,
                        "ipBasedSslState": 0
                    }
                ],
                "serverFarmId": "[resourceId('Microsoft.Web/serverfarms', parameters('serverfarms_causapolis_name'))]"
            },
            "resources": [],
            "dependsOn": [
                "[resourceId('Microsoft.Web/serverfarms', parameters('serverfarms_causapolis_name'))]"
            ]
        },
        {
            "comments": "Generalizado a partir do recurso: '/subscriptions/4d218066-1831-41c7-94b9-dfe4d2f0c96a/resourceGroups/digdin/providers/Microsoft.Web/sites/digdin'.",
            "type": "Microsoft.Web/sites",
            "name": "[parameters('sites_digdin_name')]",
            "apiVersion": "2015-08-01",
            "location": "South Central US",
            "tags": {
                "hidden-related:/subscriptions/4d218066-1831-41c7-94b9-dfe4d2f0c96a/resourcegroups/digdin/providers/Microsoft.Web/serverfarms/ServicePlan4777fcc7-91a5": "empty",
                "Source": "http://digdin.azurewebsites.net/"
            },
            "properties": {
                "name": "[parameters('sites_digdin_name')]",
                "hostNames": [
                    "digdin.azurewebsites.net"
                ],
                "enabledHostNames": [
                    "digdin.azurewebsites.net",
                    "digdin.scm.azurewebsites.net"
                ],
                "hostNameSslStates": [
                    {
                        "name": "[concat(parameters('sites_digdin_name'),'.azurewebsites.net')]",
                        "sslState": 0,
                        "thumbprint": null,
                        "ipBasedSslState": 0
                    },
                    {
                        "name": "[concat(parameters('sites_digdin_name'),'.scm.azurewebsites.net')]",
                        "sslState": 0,
                        "thumbprint": null,
                        "ipBasedSslState": 0
                    }
                ],
                "serverFarmId": "[resourceId('Microsoft.Web/serverfarms', parameters('serverfarms_ServicePlan4777fcc7_91a5_name'))]"
            },
            "resources": [],
            "dependsOn": [
                "[resourceId('Microsoft.Web/serverfarms', parameters('serverfarms_ServicePlan4777fcc7_91a5_name'))]"
            ]
        }
    ]
}